{
  "mvp": {
    "aste": {
      "precision": 0.3310810810810811,
      "recall": 0.3656716417910448,
      "f1": 0.3475177304964539
    },
    "acos": {
      "precision": 0.12837837837837837,
      "recall": 0.1417910447761194,
      "f1": 0.13475177304964536
    }
  },
  "gen_scl_nat": {
    "aste": {
      "precision": 0.32679738562091504,
      "recall": 0.373134328358209,
      "f1": 0.34843205574912894
    },
    "acos": {
      "precision": 0.03205128205128205,
      "recall": 0.03731343283582089,
      "f1": 0.034482758620689655
    }
  }
}