{
  "baseline": {
    "precision": 0.3310810810810811,
    "recall": 0.3656716417910448,
    "f1": 0.3475177304964539
  },
  "fixed_entcat": {
    "precision": 0.33783783783783783,
    "recall": 0.373134328358209,
    "f1": 0.35460992907801414
  }
}