variant,model,mode,precision,recall,f1
baseline,mvp,aste,0.3310810810810811,0.3656716417910448,0.3475177304964539
baseline,mvp,acos,0.12837837837837837,0.1417910447761194,0.13475177304964536
baseline,gen_scl_nat,aste,0.32679738562091504,0.373134328358209,0.34843205574912894
baseline,gen_scl_nat,acos,0.03205128205128205,0.03731343283582089,0.034482758620689655
baseline,mvp,aste,0.3310810810810811,0.3656716417910448,0.3475177304964539
fixed_entcat,mvp,aste,0.33783783783783783,0.373134328358209,0.35460992907801414